<?xml version="1.0" encoding="UTF-8"?>
<!DOCTYPE why3session PUBLIC "-//Why3//proof session v5//EN"
"http://why3.lri.fr/why3session.dtd">
<why3session shape_version="6">
<prover id="0" name="Z3" version="4.8.14" timelimit="1" steplimit="0" memlimit="1000"/>
<prover id="1" name="Alt-Ergo" version="2.4.1" timelimit="1" steplimit="0" memlimit="1000"/>
<prover id="2" name="CVC4" version="1.8" timelimit="1" steplimit="0" memlimit="1000"/>
<file format="mlcfg">
<path name=".."/><path name="resolve_conflict.mlcfg"/>
<theory name="Cdsat_Trail_Impl18" proved="true">
 <goal name="Eq1.eq&#39;refn&#39;vc" expl="VC for eq&#39;refn" proved="true">
 <proof prover="1"><result status="valid" time="0.01" steps="12"/></proof>
 </goal>
</theory>
<theory name="Cdsat_Trail_Impl6" proved="true">
 <goal name="cmp_le_log_spec" proved="true">
 <proof prover="1"><result status="valid" time="0.00" steps="2"/></proof>
 </goal>
 <goal name="cmp_lt_log_spec" proved="true">
 <proof prover="1"><result status="valid" time="0.00" steps="2"/></proof>
 </goal>
 <goal name="cmp_ge_log_spec" proved="true">
 <proof prover="1"><result status="valid" time="0.00" steps="2"/></proof>
 </goal>
 <goal name="cmp_gt_log_spec" proved="true">
 <proof prover="1"><result status="valid" time="0.00" steps="2"/></proof>
 </goal>
 <goal name="refl_spec" proved="true">
 <proof prover="1"><result status="valid" time="0.00" steps="2"/></proof>
 </goal>
 <goal name="trans_spec" proved="true">
 <proof prover="1"><result status="valid" time="0.00" steps="2"/></proof>
 </goal>
 <goal name="antisym1_spec" proved="true">
 <proof prover="1"><result status="valid" time="0.00" steps="2"/></proof>
 </goal>
 <goal name="antisym2_spec" proved="true">
 <proof prover="1"><result status="valid" time="0.00" steps="2"/></proof>
 </goal>
 <goal name="eq_cmp_spec" proved="true">
 <proof prover="1"><result status="valid" time="0.00" steps="2"/></proof>
 </goal>
</theory>
<theory name="Cdsat_Trail_Impl29" proved="true">
 <goal name="Clone1.clone&#39;&#39;refn&#39;vc" expl="VC for clone&#39;&#39;refn" proved="true">
 <proof prover="1"><result status="valid" time="0.00" steps="2"/></proof>
 </goal>
</theory>
<theory name="Cdsat_Trail_Impl21" proved="true">
 <goal name="Clone1.clone&#39;&#39;refn&#39;vc" expl="VC for clone&#39;&#39;refn" proved="true">
 <proof prover="1"><result status="valid" time="0.00" steps="0"/></proof>
 </goal>
</theory>
<theory name="Cdsat_Trail_Impl25" proved="true">
 <goal name="Clone1.clone&#39;&#39;refn&#39;vc" expl="VC for clone&#39;&#39;refn" proved="true">
 <proof prover="1"><result status="valid" time="0.00" steps="2"/></proof>
 </goal>
</theory>
<theory name="Cdsat_Trail_Impl17" proved="true">
 <goal name="Clone1.clone&#39;&#39;refn&#39;vc" expl="VC for clone&#39;&#39;refn" proved="true">
 <proof prover="1"><result status="valid" time="0.00" steps="7"/></proof>
 </goal>
</theory>
<theory name="Cdsat_Trail_Impl11" proved="true">
 <goal name="Index1.index&#39;refn&#39;vc" expl="VC for index&#39;refn" proved="true">
 <proof prover="1"><result status="valid" time="0.01" steps="9"/></proof>
 </goal>
</theory>
<theory name="Cdsat_Trail_Impl13" proved="true">
 <goal name="Clone1.clone&#39;&#39;refn&#39;vc" expl="VC for clone&#39;&#39;refn" proved="true">
 <proof prover="1"><result status="valid" time="0.01" steps="7"/></proof>
 <transf name="split_vc" proved="true" >
  <goal name="clone&#39;&#39;refn&#39;vc.0" expl="postcondition" proved="true">
  <proof prover="1"><result status="valid" time="0.01" steps="7"/></proof>
  </goal>
 </transf>
 </goal>
</theory>
<theory name="Cdsat_Concrete_Impl0_ResolveConflict">
 <goal name="resolve_conflict&#39;vc" expl="VC for resolve_conflict">
 <transf name="split_vc" >
  <goal name="resolve_conflict&#39;vc.0" expl="loop invariant init" proved="true">
  <proof prover="1"><result status="valid" time="0.03" steps="84"/></proof>
  </goal>
  <goal name="resolve_conflict&#39;vc.1" expl="loop invariant init" proved="true">
  <proof prover="1"><result status="valid" time="0.03" steps="134"/></proof>
  </goal>
  <goal name="resolve_conflict&#39;vc.2" expl="loop invariant init" proved="true">
  <proof prover="1"><result status="valid" time="0.02" steps="96"/></proof>
  </goal>
  <goal name="resolve_conflict&#39;vc.3" expl="loop invariant init" proved="true">
  <proof prover="1"><result status="valid" time="0.02" steps="178"/></proof>
  </goal>
  <goal name="resolve_conflict&#39;vc.4" expl="assertion" proved="true">
  <transf name="split_vc" proved="true" >
   <goal name="resolve_conflict&#39;vc.4.0" expl="assertion" proved="true">
   <proof prover="1"><result status="valid" time="0.08" steps="1267"/></proof>
   </goal>
  </transf>
  </goal>
  <goal name="resolve_conflict&#39;vc.5" expl="assertion" proved="true">
  <proof prover="1"><result status="valid" time="0.43" steps="7065"/></proof>
  </goal>
  <goal name="resolve_conflict&#39;vc.6" expl="precondition" proved="true">
  <proof prover="1"><result status="valid" time="0.02" steps="73"/></proof>
  </goal>
  <goal name="resolve_conflict&#39;vc.7" expl="assertion" proved="true">
  <proof prover="1"><result status="valid" time="0.31" steps="4931"/></proof>
  </goal>
  <goal name="resolve_conflict&#39;vc.8" expl="assertion" proved="true">
  <transf name="split_vc" proved="true" >
   <goal name="resolve_conflict&#39;vc.8.0" expl="assertion" proved="true">
   <proof prover="1" timelimit="10" memlimit="4000"><result status="valid" time="3.77" steps="41889"/></proof>
   </goal>
   <goal name="resolve_conflict&#39;vc.8.1" expl="assertion" proved="true">
   <proof prover="1"><result status="valid" time="0.03" steps="132"/></proof>
   </goal>
  </transf>
  </goal>
  <goal name="resolve_conflict&#39;vc.9" expl="loop invariant init" proved="true">
  <proof prover="1"><result status="valid" time="0.04" steps="311"/></proof>
  </goal>
  <goal name="resolve_conflict&#39;vc.10" expl="loop invariant init" proved="true">
  <proof prover="1"><result status="valid" time="0.16" steps="2554"/></proof>
  </goal>
  <goal name="resolve_conflict&#39;vc.11" expl="loop invariant init" proved="true">
  <proof prover="1"><result status="valid" time="0.04" steps="274"/></proof>
  </goal>
  <goal name="resolve_conflict&#39;vc.12" expl="loop invariant init" proved="true">
  <proof prover="1"><result status="valid" time="0.34" steps="5022"/></proof>
  </goal>
  <goal name="resolve_conflict&#39;vc.13" expl="loop invariant init" proved="true">
  <proof prover="1"><result status="valid" time="0.26" steps="2480"/></proof>
  </goal>
  <goal name="resolve_conflict&#39;vc.14" expl="assertion" proved="true">
  <proof prover="1"><result status="valid" time="0.03" steps="144"/></proof>
  </goal>
  <goal name="resolve_conflict&#39;vc.15" expl="assertion" proved="true">
  <proof prover="1"><result status="valid" time="0.43" steps="7246"/></proof>
  </goal>
  <goal name="resolve_conflict&#39;vc.16" expl="precondition" proved="true">
  <transf name="split_vc" proved="true" >
   <goal name="resolve_conflict&#39;vc.16.0" expl="precondition" proved="true">
   <proof prover="1"><result status="valid" time="0.04" steps="168"/></proof>
   </goal>
  </transf>
  </goal>
  <goal name="resolve_conflict&#39;vc.17" expl="assertion" proved="true">
  <proof prover="1"><result status="valid" time="0.05" steps="182"/></proof>
  </goal>
  <goal name="resolve_conflict&#39;vc.18" expl="assertion" proved="true">
  <transf name="split_vc" proved="true" >
   <goal name="resolve_conflict&#39;vc.18.0" expl="assertion" proved="true">
   <transf name="split_vc" proved="true" >
    <goal name="resolve_conflict&#39;vc.18.0.0" expl="assertion" proved="true">
    <proof prover="1"><result status="valid" time="0.03" steps="125"/></proof>
    </goal>
    <goal name="resolve_conflict&#39;vc.18.0.1" expl="assertion" proved="true">
    <proof prover="1"><result status="valid" time="0.59" steps="10600"/></proof>
    </goal>
   </transf>
   </goal>
  </transf>
  </goal>
  <goal name="resolve_conflict&#39;vc.19" expl="assertion" proved="true">
  <proof prover="1"><result status="valid" time="0.05" steps="133"/></proof>
  </goal>
  <goal name="resolve_conflict&#39;vc.20" expl="assertion" proved="true">
  <transf name="split_vc" proved="true" >
  </transf>
  </goal>
  <goal name="resolve_conflict&#39;vc.21" expl="assertion" proved="true">
  <transf name="split_vc" proved="true" >
   <goal name="resolve_conflict&#39;vc.21.0" expl="assertion" proved="true">
   <transf name="split_vc" proved="true" >
    <goal name="resolve_conflict&#39;vc.21.0.0" expl="assertion" proved="true">
    <transf name="split_vc" proved="true" >
     <goal name="resolve_conflict&#39;vc.21.0.0.0" expl="assertion" proved="true">
     <proof prover="0"><result status="valid" time="0.12" steps="27276"/></proof>
     </goal>
     <goal name="resolve_conflict&#39;vc.21.0.0.1" expl="assertion" proved="true">
     <proof prover="1"><result status="valid" time="0.10" steps="137"/></proof>
     </goal>
    </transf>
    </goal>
   </transf>
   </goal>
   <goal name="resolve_conflict&#39;vc.21.1" expl="assertion" proved="true">
   <transf name="split_vc" proved="true" >
    <goal name="resolve_conflict&#39;vc.21.1.0" expl="assertion" proved="true">
    <transf name="split_vc" proved="true" >
     <goal name="resolve_conflict&#39;vc.21.1.0.0" expl="assertion" proved="true">
     <proof prover="1"><result status="valid" time="0.11" steps="1298"/></proof>
     </goal>
     <goal name="resolve_conflict&#39;vc.21.1.0.1" expl="assertion" proved="true">
     <proof prover="0"><result status="valid" time="0.12" steps="641241"/></proof>
     </goal>
    </transf>
    </goal>
   </transf>
   </goal>
  </transf>
  </goal>
  <goal name="resolve_conflict&#39;vc.22" expl="assertion" proved="true">
  <transf name="split_vc" proved="true" >
   <goal name="resolve_conflict&#39;vc.22.0" expl="assertion" proved="true">
   <transf name="split_vc" proved="true" >
    <goal name="resolve_conflict&#39;vc.22.0.0" expl="assertion" proved="true">
    <transf name="split_vc" proved="true" >
     <goal name="resolve_conflict&#39;vc.22.0.0.0" expl="assertion" proved="true">
     <proof prover="0" timelimit="10" memlimit="4000"><result status="valid" time="0.13" steps="27339"/></proof>
     </goal>
     <goal name="resolve_conflict&#39;vc.22.0.0.1" expl="assertion" proved="true">
     <proof prover="1"><result status="valid" time="0.03" steps="137"/></proof>
     </goal>
    </transf>
    </goal>
   </transf>
   </goal>
   <goal name="resolve_conflict&#39;vc.22.1" expl="assertion" proved="true">
   <transf name="split_vc" proved="true" >
    <goal name="resolve_conflict&#39;vc.22.1.0" expl="assertion" proved="true">
    <proof prover="1"><result status="valid" time="0.94" steps="13636"/></proof>
    </goal>
   </transf>
   </goal>
  </transf>
  </goal>
  <goal name="resolve_conflict&#39;vc.23" expl="precondition" proved="true">
  <proof prover="1"><result status="valid" time="0.03" steps="141"/></proof>
  </goal>
  <goal name="resolve_conflict&#39;vc.24" expl="precondition" proved="true">
  <transf name="split_vc" proved="true" >
   <goal name="resolve_conflict&#39;vc.24.0" expl="precondition" proved="true">
   <transf name="split_vc" proved="true" >
    <goal name="resolve_conflict&#39;vc.24.0.0" expl="precondition" proved="true">
    <proof prover="1"><result status="valid" time="0.12" steps="129"/></proof>
    </goal>
   </transf>
   </goal>
   <goal name="resolve_conflict&#39;vc.24.1" expl="precondition" proved="true">
   <transf name="split_vc" proved="true" >
    <goal name="resolve_conflict&#39;vc.24.1.0" expl="precondition" proved="true">
    <proof prover="1"><result status="valid" time="0.11" steps="1321"/></proof>
    </goal>
   </transf>
   </goal>
  </transf>
  </goal>
  <goal name="resolve_conflict&#39;vc.25" expl="assertion" proved="true">
  <transf name="split_vc" proved="true" >
   <goal name="resolve_conflict&#39;vc.25.0" expl="assertion" proved="true">
   <transf name="split_vc" proved="true" >
    <goal name="resolve_conflict&#39;vc.25.0.0" expl="assertion" proved="true">
    <proof prover="0"><result status="valid" time="0.02" steps="27477"/></proof>
    </goal>
   </transf>
   </goal>
   <goal name="resolve_conflict&#39;vc.25.1" expl="assertion" proved="true">
   <proof prover="0" obsolete="true"><result status="timeout" time="1.00"/></proof>
   <proof prover="1" obsolete="true"><result status="timeout" time="1.00"/></proof>
   <proof prover="2" obsolete="true"><result status="timeout" time="1.00" steps="201975"/></proof>
   <transf name="split_vc" proved="true" >
    <goal name="resolve_conflict&#39;vc.25.1.0" expl="assertion" proved="true">
    <proof prover="0"><result status="valid" time="0.25" steps="1129573"/></proof>
    <proof prover="1" obsolete="true"><result status="timeout" time="1.00"/></proof>
    </goal>
   </transf>
   </goal>
  </transf>
  </goal>
  <goal name="resolve_conflict&#39;vc.26" expl="assertion" proved="true">
  <transf name="split_vc" proved="true" >
   <goal name="resolve_conflict&#39;vc.26.0" expl="assertion" proved="true">
   <transf name="split_vc" proved="true" >
    <goal name="resolve_conflict&#39;vc.26.0.0" expl="assertion" proved="true">
    <proof prover="1"><result status="valid" time="0.04" steps="129"/></proof>
    </goal>
   </transf>
   </goal>
   <goal name="resolve_conflict&#39;vc.26.1" expl="assertion" proved="true">
   <proof prover="0" obsolete="true"><result status="timeout" time="1.00"/></proof>
   <proof prover="1" obsolete="true"><result status="timeout" time="1.00"/></proof>
   <proof prover="2" obsolete="true"><result status="timeout" time="1.00" steps="232792"/></proof>
   <transf name="split_vc" proved="true" >
    <goal name="resolve_conflict&#39;vc.26.1.0" expl="assertion" proved="true">
    <proof prover="1"><result status="valid" time="0.81" steps="11422"/></proof>
    <transf name="split_vc" proved="true" >
     <goal name="resolve_conflict&#39;vc.26.1.0.0" expl="assertion" proved="true">
     <proof prover="1"><result status="valid" time="0.57" steps="9804"/></proof>
     </goal>
     <goal name="resolve_conflict&#39;vc.26.1.0.1" expl="assertion" proved="true">
     <proof prover="1"><result status="valid" time="0.94" steps="15224"/></proof>
     </goal>
    </transf>
    </goal>
   </transf>
   </goal>
  </transf>
  </goal>
  <goal name="resolve_conflict&#39;vc.27" expl="assertion" proved="true">
  <transf name="split_vc" proved="true" >
   <goal name="resolve_conflict&#39;vc.27.0" expl="assertion" proved="true">
   <transf name="split_vc" proved="true" >
    <goal name="resolve_conflict&#39;vc.27.0.0" expl="assertion" proved="true">
    <proof prover="1"><result status="valid" time="0.04" steps="129"/></proof>
    </goal>
   </transf>
   </goal>
   <goal name="resolve_conflict&#39;vc.27.1" expl="assertion" proved="true">
   <transf name="split_vc" proved="true" >
    <goal name="resolve_conflict&#39;vc.27.1.0" expl="assertion" proved="true">
    <transf name="split_vc" proved="true" >
     <goal name="resolve_conflict&#39;vc.27.1.0.0" expl="assertion" proved="true">
     <proof prover="0"><result status="valid" time="0.10" steps="419923"/></proof>
     </goal>
     <goal name="resolve_conflict&#39;vc.27.1.0.1" expl="assertion" proved="true">
     <proof prover="1"><result status="valid" time="0.94" steps="11004"/></proof>
     </goal>
    </transf>
    </goal>
   </transf>
   </goal>
  </transf>
  </goal>
  <goal name="resolve_conflict&#39;vc.28" expl="assertion" proved="true">
  <proof prover="1"><result status="valid" time="0.03" steps="147"/></proof>
  </goal>
  <goal name="resolve_conflict&#39;vc.29" expl="assertion" proved="true">
  <transf name="split_vc" proved="true" >
   <goal name="resolve_conflict&#39;vc.29.0" expl="assertion" proved="true">
   <transf name="split_vc" proved="true" >
    <goal name="resolve_conflict&#39;vc.29.0.0" expl="assertion" proved="true">
    <transf name="split_vc" proved="true" >
     <goal name="resolve_conflict&#39;vc.29.0.0.0" expl="assertion" proved="true">
     <proof prover="1"><result status="valid" time="0.04" steps="134"/></proof>
     </goal>
     <goal name="resolve_conflict&#39;vc.29.0.0.1" expl="assertion" proved="true">
     <proof prover="0"><result status="valid" time="0.09" steps="27551"/></proof>
     </goal>
    </transf>
    </goal>
   </transf>
   </goal>
   <goal name="resolve_conflict&#39;vc.29.1" expl="assertion" proved="true">
   <proof prover="1"><result status="valid" time="0.67" steps="6767"/></proof>
   </goal>
  </transf>
  </goal>
  <goal name="resolve_conflict&#39;vc.30" expl="precondition" proved="true">
  <proof prover="1"><result status="valid" time="0.05" steps="268"/></proof>
  </goal>
  <goal name="resolve_conflict&#39;vc.31" expl="precondition" proved="true">
  <proof prover="1"><result status="valid" time="0.03" steps="165"/></proof>
  </goal>
  <goal name="resolve_conflict&#39;vc.32" expl="precondition" proved="true">
  <proof prover="1"><result status="valid" time="0.04" steps="275"/></proof>
  </goal>
  <goal name="resolve_conflict&#39;vc.33" expl="precondition" proved="true">
  <transf name="inline_goal" proved="true" >
   <goal name="resolve_conflict&#39;vc.33.0" expl="precondition" proved="true">
   <transf name="split_vc" proved="true" >
    <goal name="resolve_conflict&#39;vc.33.0.0" expl="precondition" proved="true">
    <transf name="split_vc" proved="true" >
     <goal name="resolve_conflict&#39;vc.33.0.0.0" expl="precondition" proved="true">
     <transf name="split_vc" proved="true" >
      <goal name="resolve_conflict&#39;vc.33.0.0.0.0" expl="precondition" proved="true">
      <proof prover="1"><result status="valid" time="0.04" steps="129"/></proof>
      </goal>
     </transf>
     </goal>
     <goal name="resolve_conflict&#39;vc.33.0.0.1" expl="precondition" proved="true">
     <transf name="split_vc" proved="true" >
      <goal name="resolve_conflict&#39;vc.33.0.0.1.0" expl="precondition" proved="true">
      <proof prover="1"><result status="valid" time="0.23" steps="2754"/></proof>
      </goal>
     </transf>
     </goal>
    </transf>
    </goal>
    <goal name="resolve_conflict&#39;vc.33.0.1" expl="precondition" proved="true">
    <proof prover="1"><result status="valid" time="0.06" steps="280"/></proof>
    </goal>
    <goal name="resolve_conflict&#39;vc.33.0.2" expl="precondition" proved="true">
    <transf name="split_vc" proved="true" >
     <goal name="resolve_conflict&#39;vc.33.0.2.0" expl="precondition" proved="true">
     <transf name="split_vc" proved="true" >
      <goal name="resolve_conflict&#39;vc.33.0.2.0.0" expl="precondition" proved="true">
      <proof prover="1"><result status="valid" time="0.04" steps="129"/></proof>
      </goal>
     </transf>
     </goal>
     <goal name="resolve_conflict&#39;vc.33.0.2.1" expl="precondition" proved="true">
     <transf name="split_vc" proved="true" >
      <goal name="resolve_conflict&#39;vc.33.0.2.1.0" expl="precondition" proved="true">
      <proof prover="1"><result status="valid" time="0.24" steps="2987"/></proof>
      </goal>
     </transf>
     </goal>
    </transf>
    </goal>
   </transf>
   </goal>
  </transf>
  </goal>
  <goal name="resolve_conflict&#39;vc.34" expl="precondition" proved="true">
  <transf name="split_vc" proved="true" >
   <goal name="resolve_conflict&#39;vc.34.0" expl="precondition" proved="true">
   <proof prover="0"><result status="valid" time="0.07" steps="27843"/></proof>
   </goal>
   <goal name="resolve_conflict&#39;vc.34.1" expl="precondition" proved="true">
   <transf name="split_vc" proved="true" >
    <goal name="resolve_conflict&#39;vc.34.1.0" expl="precondition" proved="true">
    <transf name="split_vc" proved="true" >
     <goal name="resolve_conflict&#39;vc.34.1.0.0" expl="precondition" proved="true">
     <proof prover="0"><result status="valid" time="0.02" steps="464113"/></proof>
     </goal>
     <goal name="resolve_conflict&#39;vc.34.1.0.1" expl="precondition" proved="true">
     <proof prover="0"><result status="valid" time="0.07" steps="474351"/></proof>
     </goal>
    </transf>
    </goal>
   </transf>
   </goal>
  </transf>
  </goal>
  <goal name="resolve_conflict&#39;vc.35" expl="loop invariant init" proved="true">
  <proof prover="1"><result status="valid" time="0.02" steps="232"/></proof>
  </goal>
  <goal name="resolve_conflict&#39;vc.36" expl="loop invariant init" proved="true">
  <proof prover="1"><result status="valid" time="0.03" steps="145"/></proof>
  </goal>
  <goal name="resolve_conflict&#39;vc.37" expl="loop invariant preservation" proved="true">
  <proof prover="1"><result status="valid" time="0.05" steps="254"/></proof>
  </goal>
  <goal name="resolve_conflict&#39;vc.38" expl="loop invariant preservation" proved="true">
  <proof prover="1"><result status="valid" time="0.04" steps="175"/></proof>
  </goal>
  <goal name="resolve_conflict&#39;vc.39" expl="loop invariant preservation">
  <proof prover="0" obsolete="true"><result status="timeout" time="1.00"/></proof>
  <proof prover="1" obsolete="true"><result status="timeout" time="1.00"/></proof>
  <proof prover="2" obsolete="true"><result status="timeout" time="1.00" steps="184946"/></proof>
  </goal>
  <goal name="resolve_conflict&#39;vc.40" expl="loop invariant preservation">
  <proof prover="0" obsolete="true"><result status="timeout" time="1.00"/></proof>
  <proof prover="1" obsolete="true"><result status="timeout" time="1.00"/></proof>
  <proof prover="2" obsolete="true"><result status="timeout" time="1.00" steps="202574"/></proof>
  </goal>
  <goal name="resolve_conflict&#39;vc.41" expl="loop invariant preservation">
  <proof prover="0" obsolete="true"><result status="timeout" time="1.00"/></proof>
  <proof prover="1" obsolete="true"><result status="timeout" time="1.00"/></proof>
  <proof prover="2" obsolete="true"><result status="timeout" time="1.00" steps="192325"/></proof>
  </goal>
  <goal name="resolve_conflict&#39;vc.42" expl="assertion" proved="true">
  <proof prover="1"><result status="valid" time="0.28" steps="3957"/></proof>
  </goal>
  <goal name="resolve_conflict&#39;vc.43" expl="precondition" proved="true">
  <proof prover="0" obsolete="true"><result status="timeout" time="1.00"/></proof>
  <proof prover="1"><result status="valid" time="0.05" steps="267"/></proof>
  <proof prover="2" obsolete="true"><result status="timeout" time="1.00" steps="198653"/></proof>
  <transf name="subst_all" proved="true" >
   <goal name="resolve_conflict&#39;vc.43.0" expl="precondition" proved="true">
   <proof prover="1"><result status="valid" time="0.05" steps="158"/></proof>
   </goal>
  </transf>
  </goal>
  <goal name="resolve_conflict&#39;vc.44" expl="assertion">
  </goal>
  <goal name="resolve_conflict&#39;vc.45" expl="assertion" proved="true">
  <transf name="split_vc" proved="true" >
   <goal name="resolve_conflict&#39;vc.45.0" expl="assertion" proved="true">
   <proof prover="1"><result status="valid" time="0.04" steps="157"/></proof>
   </goal>
   <goal name="resolve_conflict&#39;vc.45.1" expl="assertion" proved="true">
   <transf name="split_vc" proved="true" >
    <goal name="resolve_conflict&#39;vc.45.1.0" expl="assertion" proved="true">
    <transf name="split_vc" proved="true" >
     <goal name="resolve_conflict&#39;vc.45.1.0.0" expl="assertion" proved="true">
     <proof prover="1"><result status="valid" time="0.04" steps="189"/></proof>
     </goal>
     <goal name="resolve_conflict&#39;vc.45.1.0.1" expl="assertion" proved="true">
     <transf name="split_vc" proved="true" >
      <goal name="resolve_conflict&#39;vc.45.1.0.1.0" expl="assertion" proved="true">
      <proof prover="1"><result status="valid" time="0.04" steps="224"/></proof>
      </goal>
      <goal name="resolve_conflict&#39;vc.45.1.0.1.1" expl="assertion" proved="true">
      <transf name="split_vc" proved="true" >
       <goal name="resolve_conflict&#39;vc.45.1.0.1.1.0" expl="assertion" proved="true">
       <transf name="split_vc" proved="true" >
        <goal name="resolve_conflict&#39;vc.45.1.0.1.1.0.0" expl="assertion" proved="true">
        <proof prover="1"><result status="valid" time="0.22" steps="3265"/></proof>
        </goal>
       </transf>
       </goal>
       <goal name="resolve_conflict&#39;vc.45.1.0.1.1.1" expl="assertion" proved="true">
       <proof prover="1"><result status="valid" time="0.03" steps="139"/></proof>
       </goal>
      </transf>
      </goal>
     </transf>
     </goal>
    </transf>
    </goal>
    <goal name="resolve_conflict&#39;vc.45.1.1" expl="assertion" proved="true">
    <proof prover="1"><result status="valid" time="0.04" steps="235"/></proof>
    </goal>
   </transf>
   </goal>
  </transf>
  </goal>
  <goal name="resolve_conflict&#39;vc.46" expl="integer overflow" proved="true">
  <proof prover="1"><result status="valid" time="0.04" steps="331"/></proof>
  </goal>
  <goal name="resolve_conflict&#39;vc.47" expl="precondition" proved="true">
  <proof prover="1"><result status="valid" time="0.03" steps="183"/></proof>
  </goal>
  <goal name="resolve_conflict&#39;vc.48" expl="precondition" proved="true">
  <proof prover="1"><result status="valid" time="0.03" steps="184"/></proof>
  </goal>
  <goal name="resolve_conflict&#39;vc.49" expl="assertion">
  <proof prover="0"><result status="timeout" time="1.00"/></proof>
  <proof prover="1"><result status="timeout" time="1.00"/></proof>
  <proof prover="2"><result status="timeout" time="1.00" steps="246995"/></proof>
  <transf name="split_vc" >
   <goal name="resolve_conflict&#39;vc.49.0" expl="assertion" proved="true">
   <proof prover="1"><result status="valid" time="0.04" steps="157"/></proof>
   </goal>
   <goal name="resolve_conflict&#39;vc.49.1" expl="assertion">
   <proof prover="0"><result status="timeout" time="1.00"/></proof>
   <proof prover="1"><result status="timeout" time="1.00"/></proof>
   <proof prover="2"><result status="timeout" time="1.00" steps="244495"/></proof>
   <transf name="split_vc" >
    <goal name="resolve_conflict&#39;vc.49.1.0" expl="assertion">
    <transf name="split_vc" >
     <goal name="resolve_conflict&#39;vc.49.1.0.0" expl="assertion" proved="true">
     <transf name="split_vc" proved="true" >
      <goal name="resolve_conflict&#39;vc.49.1.0.0.0" expl="assertion" proved="true">
      <transf name="split_vc" proved="true" >
       <goal name="resolve_conflict&#39;vc.49.1.0.0.0.0" expl="assertion" proved="true">
       <transf name="split_vc" proved="true" >
        <goal name="resolve_conflict&#39;vc.49.1.0.0.0.0.0" expl="assertion" proved="true">
        <proof prover="1"><result status="valid" time="0.04" steps="134"/></proof>
        <transf name="split_vc" >
         <goal name="resolve_conflict&#39;vc.49.1.0.0.0.0.0.0" expl="assertion">
         </goal>
         <goal name="resolve_conflict&#39;vc.49.1.0.0.0.0.0.1" expl="assertion">
         </goal>
        </transf>
        </goal>
       </transf>
       <transf name="split_vc" proved="true" >
        <goal name="resolve_conflict&#39;vc.49.1.0.0.0.0.0" expl="assertion" proved="true">
        <proof prover="1"><result status="valid" time="0.04" steps="134"/></proof>
        <transf name="split_vc" >
         <goal name="resolve_conflict&#39;vc.49.1.0.0.0.0.0.0" expl="assertion">
         </goal>
         <goal name="resolve_conflict&#39;vc.49.1.0.0.0.0.0.1" expl="assertion">
         </goal>
        </transf>
        </goal>
       </transf>
       </goal>
       <goal name="resolve_conflict&#39;vc.49.1.0.0.0.1" expl="assertion" proved="true">
       <transf name="split_vc" proved="true" >
        <goal name="resolve_conflict&#39;vc.49.1.0.0.0.1.0" expl="assertion" proved="true">
        <proof prover="1"><result status="valid" time="0.04" steps="204"/></proof>
        <transf name="split_vc" >
         <goal name="resolve_conflict&#39;vc.49.1.0.0.0.1.0.0" expl="assertion">
         </goal>
         <goal name="resolve_conflict&#39;vc.49.1.0.0.0.1.0.1" expl="assertion">
         </goal>
        </transf>
        </goal>
       </transf>
       <transf name="split_vc" proved="true" >
        <goal name="resolve_conflict&#39;vc.49.1.0.0.0.1.0" expl="assertion" proved="true">
        <proof prover="1"><result status="valid" time="0.04" steps="204"/></proof>
        <transf name="split_vc" >
         <goal name="resolve_conflict&#39;vc.49.1.0.0.0.1.0.0" expl="assertion">
         </goal>
         <goal name="resolve_conflict&#39;vc.49.1.0.0.0.1.0.1" expl="assertion">
         </goal>
        </transf>
        </goal>
       </transf>
       </goal>
      </transf>
      </goal>
      <goal name="resolve_conflict&#39;vc.49.1.0.0.1" expl="assertion" proved="true">
      <transf name="split_vc" proved="true" >
       <goal name="resolve_conflict&#39;vc.49.1.0.0.1.0" expl="assertion" proved="true">
       <transf name="split_vc" proved="true" >
        <goal name="resolve_conflict&#39;vc.49.1.0.0.1.0.0" expl="assertion" proved="true">
        <proof prover="1"><result status="valid" time="0.04" steps="209"/></proof>
        <transf name="split_vc" >
         <goal name="resolve_conflict&#39;vc.49.1.0.0.1.0.0.0" expl="assertion">
         </goal>
         <goal name="resolve_conflict&#39;vc.49.1.0.0.1.0.0.1" expl="assertion">
         </goal>
        </transf>
        </goal>
       </transf>
       <transf name="split_vc" proved="true" >
        <goal name="resolve_conflict&#39;vc.49.1.0.0.1.0.0" expl="assertion" proved="true">
        <proof prover="1"><result status="valid" time="0.04" steps="209"/></proof>
        <transf name="split_vc" >
         <goal name="resolve_conflict&#39;vc.49.1.0.0.1.0.0.0" expl="assertion">
         </goal>
         <goal name="resolve_conflict&#39;vc.49.1.0.0.1.0.0.1" expl="assertion">
         </goal>
        </transf>
        </goal>
       </transf>
       </goal>
       <goal name="resolve_conflict&#39;vc.49.1.0.0.1.1" expl="assertion" proved="true">
       <transf name="split_vc" proved="true" >
        <goal name="resolve_conflict&#39;vc.49.1.0.0.1.1.0" expl="assertion" proved="true">
        <proof prover="1"><result status="valid" time="0.04" steps="143"/></proof>
        <transf name="split_vc" >
         <goal name="resolve_conflict&#39;vc.49.1.0.0.1.1.0.0" expl="assertion">
         </goal>
         <goal name="resolve_conflict&#39;vc.49.1.0.0.1.1.0.1" expl="assertion">
         </goal>
        </transf>
        </goal>
       </transf>
       <transf name="split_vc" proved="true" >
        <goal name="resolve_conflict&#39;vc.49.1.0.0.1.1.0" expl="assertion" proved="true">
        <proof prover="1"><result status="valid" time="0.04" steps="143"/></proof>
        <transf name="split_vc" >
         <goal name="resolve_conflict&#39;vc.49.1.0.0.1.1.0.0" expl="assertion">
         </goal>
         <goal name="resolve_conflict&#39;vc.49.1.0.0.1.1.0.1" expl="assertion">
         </goal>
        </transf>
        </goal>
       </transf>
       </goal>
      </transf>
      </goal>
     </transf>
     </goal>
     <goal name="resolve_conflict&#39;vc.49.1.0.1" expl="assertion">
     <transf name="split_vc" >
      <goal name="resolve_conflict&#39;vc.49.1.0.1.0" expl="assertion" proved="true">
      <transf name="split_vc" proved="true" >
       <goal name="resolve_conflict&#39;vc.49.1.0.1.0.0" expl="assertion" proved="true">
       <transf name="split_vc" proved="true" >
        <goal name="resolve_conflict&#39;vc.49.1.0.1.0.0.0" expl="assertion" proved="true">
        <proof prover="1"><result status="valid" time="0.04" steps="134"/></proof>
        <transf name="split_vc" >
         <goal name="resolve_conflict&#39;vc.49.1.0.1.0.0.0.0" expl="assertion">
         </goal>
         <goal name="resolve_conflict&#39;vc.49.1.0.1.0.0.0.1" expl="assertion">
         </goal>
        </transf>
        </goal>
       </transf>
       <transf name="split_vc" proved="true" >
        <goal name="resolve_conflict&#39;vc.49.1.0.1.0.0.0" expl="assertion" proved="true">
        <proof prover="1"><result status="valid" time="0.04" steps="134"/></proof>
        <transf name="split_vc" >
         <goal name="resolve_conflict&#39;vc.49.1.0.1.0.0.0.0" expl="assertion">
         </goal>
         <goal name="resolve_conflict&#39;vc.49.1.0.1.0.0.0.1" expl="assertion">
         </goal>
        </transf>
        </goal>
       </transf>
       </goal>
       <goal name="resolve_conflict&#39;vc.49.1.0.1.0.1" expl="assertion" proved="true">
       <transf name="split_vc" proved="true" >
        <goal name="resolve_conflict&#39;vc.49.1.0.1.0.1.0" expl="assertion" proved="true">
        <proof prover="1"><result status="valid" time="0.04" steps="226"/></proof>
        <transf name="split_vc" >
         <goal name="resolve_conflict&#39;vc.49.1.0.1.0.1.0.0" expl="assertion">
         </goal>
         <goal name="resolve_conflict&#39;vc.49.1.0.1.0.1.0.1" expl="assertion">
         </goal>
        </transf>
        </goal>
       </transf>
       <transf name="split_vc" proved="true" >
        <goal name="resolve_conflict&#39;vc.49.1.0.1.0.1.0" expl="assertion" proved="true">
        <proof prover="1"><result status="valid" time="0.04" steps="226"/></proof>
        <transf name="split_vc" >
         <goal name="resolve_conflict&#39;vc.49.1.0.1.0.1.0.0" expl="assertion">
         </goal>
         <goal name="resolve_conflict&#39;vc.49.1.0.1.0.1.0.1" expl="assertion">
         </goal>
        </transf>
        </goal>
       </transf>
       </goal>
      </transf>
      </goal>
      <goal name="resolve_conflict&#39;vc.49.1.0.1.1" expl="assertion">
      <transf name="split_vc" >
       <goal name="resolve_conflict&#39;vc.49.1.0.1.1.0" expl="assertion">
       <transf name="split_vc" >
        <goal name="resolve_conflict&#39;vc.49.1.0.1.1.0.0" expl="assertion">
        <proof prover="0"><result status="timeout" time="1.00"/></proof>
        <proof prover="1"><result status="timeout" time="1.00"/></proof>
        <proof prover="2"><result status="timeout" time="1.00" steps="226622"/></proof>
        <transf name="split_vc" >
         <goal name="resolve_conflict&#39;vc.49.1.0.1.1.0.0.0" expl="assertion">
         <proof prover="0"><result status="timeout" time="1.00"/></proof>
         <proof prover="1"><result status="timeout" time="1.00"/></proof>
         <proof prover="2"><result status="timeout" time="1.00" steps="191169"/></proof>
         </goal>
         <goal name="resolve_conflict&#39;vc.49.1.0.1.1.0.0.1" expl="assertion">
         <proof prover="0"><result status="timeout" time="1.00"/></proof>
         <proof prover="1"><result status="timeout" time="1.00"/></proof>
         <proof prover="2"><result status="timeout" time="1.00" steps="229168"/></proof>
         </goal>
        </transf>
        </goal>
       </transf>
       <transf name="split_vc" >
        <goal name="resolve_conflict&#39;vc.49.1.0.1.1.0.0" expl="assertion">
        <proof prover="0"><result status="timeout" time="1.00"/></proof>
        <proof prover="1"><result status="timeout" time="1.00"/></proof>
        <proof prover="2"><result status="timeout" time="1.00" steps="228924"/></proof>
        <transf name="split_vc" >
         <goal name="resolve_conflict&#39;vc.49.1.0.1.1.0.0.0" expl="assertion">
         <proof prover="0"><result status="timeout" time="1.00"/></proof>
         <proof prover="1"><result status="timeout" time="1.00"/></proof>
         <proof prover="2"><result status="timeout" time="1.00" steps="190569"/></proof>
         </goal>
         <goal name="resolve_conflict&#39;vc.49.1.0.1.1.0.0.1" expl="assertion">
         <proof prover="0"><result status="timeout" time="1.00"/></proof>
         <proof prover="1"><result status="timeout" time="1.00"/></proof>
         <proof prover="2"><result status="timeout" time="1.00" steps="229168"/></proof>
         </goal>
        </transf>
        </goal>
       </transf>
       </goal>
       <goal name="resolve_conflict&#39;vc.49.1.0.1.1.1" expl="assertion" proved="true">
       <transf name="split_vc" proved="true" >
        <goal name="resolve_conflict&#39;vc.49.1.0.1.1.1.0" expl="assertion" proved="true">
        <proof prover="1"><result status="valid" time="0.04" steps="143"/></proof>
        <transf name="split_vc" >
         <goal name="resolve_conflict&#39;vc.49.1.0.1.1.1.0.0" expl="assertion">
         </goal>
         <goal name="resolve_conflict&#39;vc.49.1.0.1.1.1.0.1" expl="assertion">
         </goal>
        </transf>
        </goal>
       </transf>
       <transf name="split_vc" proved="true" >
        <goal name="resolve_conflict&#39;vc.49.1.0.1.1.1.0" expl="assertion" proved="true">
        <proof prover="1"><result status="valid" time="0.04" steps="143"/></proof>
        <transf name="split_vc" >
         <goal name="resolve_conflict&#39;vc.49.1.0.1.1.1.0.0" expl="assertion">
         </goal>
         <goal name="resolve_conflict&#39;vc.49.1.0.1.1.1.0.1" expl="assertion">
         </goal>
        </transf>
        </goal>
       </transf>
       </goal>
      </transf>
      </goal>
     </transf>
     </goal>
    </transf>
    </goal>
    <goal name="resolve_conflict&#39;vc.49.1.1" expl="assertion" proved="true">
    <transf name="split_vc" proved="true" >
     <goal name="resolve_conflict&#39;vc.49.1.1.0" expl="assertion" proved="true">
     <transf name="split_vc" proved="true" >
      <goal name="resolve_conflict&#39;vc.49.1.1.0.0" expl="assertion" proved="true">
      <transf name="split_vc" proved="true" >
       <goal name="resolve_conflict&#39;vc.49.1.1.0.0.0" expl="assertion" proved="true">
       <transf name="split_vc" proved="true" >
        <goal name="resolve_conflict&#39;vc.49.1.1.0.0.0.0" expl="assertion" proved="true">
        <proof prover="1"><result status="valid" time="0.04" steps="134"/></proof>
        <transf name="split_vc" >
         <goal name="resolve_conflict&#39;vc.49.1.1.0.0.0.0.0" expl="assertion">
         </goal>
         <goal name="resolve_conflict&#39;vc.49.1.1.0.0.0.0.1" expl="assertion">
         </goal>
        </transf>
        </goal>
       </transf>
       <transf name="split_vc" proved="true" >
        <goal name="resolve_conflict&#39;vc.49.1.1.0.0.0.0" expl="assertion" proved="true">
        <proof prover="1"><result status="valid" time="0.04" steps="134"/></proof>
        <transf name="split_vc" >
         <goal name="resolve_conflict&#39;vc.49.1.1.0.0.0.0.0" expl="assertion">
         </goal>
         <goal name="resolve_conflict&#39;vc.49.1.1.0.0.0.0.1" expl="assertion">
         </goal>
        </transf>
        </goal>
       </transf>
       </goal>
       <goal name="resolve_conflict&#39;vc.49.1.1.0.0.1" expl="assertion" proved="true">
       <transf name="split_vc" proved="true" >
        <goal name="resolve_conflict&#39;vc.49.1.1.0.0.1.0" expl="assertion" proved="true">
        <proof prover="1"><result status="valid" time="0.04" steps="214"/></proof>
        <transf name="split_vc" >
         <goal name="resolve_conflict&#39;vc.49.1.1.0.0.1.0.0" expl="assertion">
         </goal>
         <goal name="resolve_conflict&#39;vc.49.1.1.0.0.1.0.1" expl="assertion">
         </goal>
        </transf>
        </goal>
       </transf>
       <transf name="split_vc" proved="true" >
        <goal name="resolve_conflict&#39;vc.49.1.1.0.0.1.0" expl="assertion" proved="true">
        <proof prover="1"><result status="valid" time="0.04" steps="214"/></proof>
        <transf name="split_vc" >
         <goal name="resolve_conflict&#39;vc.49.1.1.0.0.1.0.0" expl="assertion">
         </goal>
         <goal name="resolve_conflict&#39;vc.49.1.1.0.0.1.0.1" expl="assertion">
         </goal>
        </transf>
        </goal>
       </transf>
       </goal>
      </transf>
      </goal>
      <goal name="resolve_conflict&#39;vc.49.1.1.0.1" expl="assertion" proved="true">
      <transf name="split_vc" proved="true" >
       <goal name="resolve_conflict&#39;vc.49.1.1.0.1.0" expl="assertion" proved="true">
       <transf name="split_vc" proved="true" >
        <goal name="resolve_conflict&#39;vc.49.1.1.0.1.0.0" expl="assertion" proved="true">
        <proof prover="1"><result status="valid" time="0.04" steps="145"/></proof>
        <transf name="split_vc" >
         <goal name="resolve_conflict&#39;vc.49.1.1.0.1.0.0.0" expl="assertion">
         </goal>
         <goal name="resolve_conflict&#39;vc.49.1.1.0.1.0.0.1" expl="assertion">
         </goal>
        </transf>
        </goal>
       </transf>
       <transf name="split_vc" proved="true" >
        <goal name="resolve_conflict&#39;vc.49.1.1.0.1.0.0" expl="assertion" proved="true">
        <proof prover="1"><result status="valid" time="0.04" steps="145"/></proof>
        <transf name="split_vc" >
         <goal name="resolve_conflict&#39;vc.49.1.1.0.1.0.0.0" expl="assertion">
         </goal>
         <goal name="resolve_conflict&#39;vc.49.1.1.0.1.0.0.1" expl="assertion">
         </goal>
        </transf>
        </goal>
       </transf>
       </goal>
       <goal name="resolve_conflict&#39;vc.49.1.1.0.1.1" expl="assertion" proved="true">
       <transf name="split_vc" proved="true" >
        <goal name="resolve_conflict&#39;vc.49.1.1.0.1.1.0" expl="assertion" proved="true">
        <proof prover="1"><result status="valid" time="0.04" steps="143"/></proof>
        <transf name="split_vc" >
         <goal name="resolve_conflict&#39;vc.49.1.1.0.1.1.0.0" expl="assertion">
         </goal>
         <goal name="resolve_conflict&#39;vc.49.1.1.0.1.1.0.1" expl="assertion">
         </goal>
        </transf>
        </goal>
       </transf>
       <transf name="split_vc" proved="true" >
        <goal name="resolve_conflict&#39;vc.49.1.1.0.1.1.0" expl="assertion" proved="true">
        <proof prover="1"><result status="valid" time="0.04" steps="143"/></proof>
        <transf name="split_vc" >
         <goal name="resolve_conflict&#39;vc.49.1.1.0.1.1.0.0" expl="assertion">
         </goal>
         <goal name="resolve_conflict&#39;vc.49.1.1.0.1.1.0.1" expl="assertion">
         </goal>
        </transf>
        </goal>
       </transf>
       </goal>
      </transf>
      </goal>
     </transf>
     </goal>
     <goal name="resolve_conflict&#39;vc.49.1.1.1" expl="assertion" proved="true">
     <transf name="split_vc" proved="true" >
      <goal name="resolve_conflict&#39;vc.49.1.1.1.0" expl="assertion" proved="true">
      <transf name="split_vc" proved="true" >
       <goal name="resolve_conflict&#39;vc.49.1.1.1.0.0" expl="assertion" proved="true">
       <transf name="split_vc" proved="true" >
        <goal name="resolve_conflict&#39;vc.49.1.1.1.0.0.0" expl="assertion" proved="true">
        <proof prover="1"><result status="valid" time="0.04" steps="134"/></proof>
        <transf name="split_vc" >
         <goal name="resolve_conflict&#39;vc.49.1.1.1.0.0.0.0" expl="assertion">
         </goal>
         <goal name="resolve_conflict&#39;vc.49.1.1.1.0.0.0.1" expl="assertion">
         </goal>
        </transf>
        </goal>
       </transf>
       <transf name="split_vc" proved="true" >
        <goal name="resolve_conflict&#39;vc.49.1.1.1.0.0.0" expl="assertion" proved="true">
        <proof prover="1"><result status="valid" time="0.04" steps="134"/></proof>
        <transf name="split_vc" >
         <goal name="resolve_conflict&#39;vc.49.1.1.1.0.0.0.0" expl="assertion">
         </goal>
         <goal name="resolve_conflict&#39;vc.49.1.1.1.0.0.0.1" expl="assertion">
         </goal>
        </transf>
        </goal>
       </transf>
       </goal>
       <goal name="resolve_conflict&#39;vc.49.1.1.1.0.1" expl="assertion" proved="true">
       <transf name="split_vc" proved="true" >
        <goal name="resolve_conflict&#39;vc.49.1.1.1.0.1.0" expl="assertion" proved="true">
        <proof prover="1"><result status="valid" time="0.04" steps="236"/></proof>
        <transf name="split_vc" >
         <goal name="resolve_conflict&#39;vc.49.1.1.1.0.1.0.0" expl="assertion">
         </goal>
         <goal name="resolve_conflict&#39;vc.49.1.1.1.0.1.0.1" expl="assertion">
         </goal>
        </transf>
        </goal>
       </transf>
       <transf name="split_vc" proved="true" >
        <goal name="resolve_conflict&#39;vc.49.1.1.1.0.1.0" expl="assertion" proved="true">
        <proof prover="1"><result status="valid" time="0.04" steps="236"/></proof>
        <transf name="split_vc" >
         <goal name="resolve_conflict&#39;vc.49.1.1.1.0.1.0.0" expl="assertion">
         </goal>
         <goal name="resolve_conflict&#39;vc.49.1.1.1.0.1.0.1" expl="assertion">
         </goal>
        </transf>
        </goal>
       </transf>
       </goal>
      </transf>
      </goal>
      <goal name="resolve_conflict&#39;vc.49.1.1.1.1" expl="assertion" proved="true">
      <transf name="split_vc" proved="true" >
       <goal name="resolve_conflict&#39;vc.49.1.1.1.1.0" expl="assertion" proved="true">
       <transf name="split_vc" proved="true" >
        <goal name="resolve_conflict&#39;vc.49.1.1.1.1.0.0" expl="assertion" proved="true">
        <proof prover="1"><result status="valid" time="0.04" steps="145"/></proof>
        <transf name="split_vc" >
         <goal name="resolve_conflict&#39;vc.49.1.1.1.1.0.0.0" expl="assertion">
         </goal>
         <goal name="resolve_conflict&#39;vc.49.1.1.1.1.0.0.1" expl="assertion">
         </goal>
        </transf>
        </goal>
       </transf>
       <transf name="split_vc" proved="true" >
        <goal name="resolve_conflict&#39;vc.49.1.1.1.1.0.0" expl="assertion" proved="true">
        <proof prover="1"><result status="valid" time="0.04" steps="145"/></proof>
        <transf name="split_vc" >
         <goal name="resolve_conflict&#39;vc.49.1.1.1.1.0.0.0" expl="assertion">
         </goal>
         <goal name="resolve_conflict&#39;vc.49.1.1.1.1.0.0.1" expl="assertion">
         </goal>
        </transf>
        </goal>
       </transf>
       </goal>
       <goal name="resolve_conflict&#39;vc.49.1.1.1.1.1" expl="assertion" proved="true">
       <transf name="split_vc" proved="true" >
        <goal name="resolve_conflict&#39;vc.49.1.1.1.1.1.0" expl="assertion" proved="true">
        <proof prover="1"><result status="valid" time="0.04" steps="143"/></proof>
        <transf name="split_vc" >
         <goal name="resolve_conflict&#39;vc.49.1.1.1.1.1.0.0" expl="assertion">
         </goal>
         <goal name="resolve_conflict&#39;vc.49.1.1.1.1.1.0.1" expl="assertion">
         </goal>
        </transf>
        </goal>
       </transf>
       <transf name="split_vc" proved="true" >
        <goal name="resolve_conflict&#39;vc.49.1.1.1.1.1.0" expl="assertion" proved="true">
        <proof prover="1"><result status="valid" time="0.04" steps="143"/></proof>
        <transf name="split_vc" >
         <goal name="resolve_conflict&#39;vc.49.1.1.1.1.1.0.0" expl="assertion">
         </goal>
         <goal name="resolve_conflict&#39;vc.49.1.1.1.1.1.0.1" expl="assertion">
         </goal>
        </transf>
        </goal>
       </transf>
       </goal>
      </transf>
      </goal>
     </transf>
     </goal>
    </transf>
    </goal>
   </transf>
   </goal>
  </transf>
  </goal>
  <goal name="resolve_conflict&#39;vc.50" expl="precondition" proved="true">
  <proof prover="0" obsolete="true"><result status="timeout" time="1.00"/></proof>
  <proof prover="1"><result status="valid" time="0.06" steps="388"/></proof>
  <proof prover="2" obsolete="true"><result status="timeout" time="1.00" steps="171436"/></proof>
  </goal>
  <goal name="resolve_conflict&#39;vc.51" expl="precondition" proved="true">
  <proof prover="1"><result status="valid" time="0.03" steps="203"/></proof>
  </goal>
  <goal name="resolve_conflict&#39;vc.52" expl="precondition">
  <proof prover="0" obsolete="true"><result status="timeout" time="1.00"/></proof>
  <proof prover="1" obsolete="true"><result status="timeout" time="1.00"/></proof>
  <proof prover="2" obsolete="true"><result status="timeout" time="1.00" steps="260398"/></proof>
  <transf name="inline_goal" >
   <goal name="resolve_conflict&#39;vc.52.0" expl="precondition">
   <transf name="split_vc" >
    <goal name="resolve_conflict&#39;vc.52.0.0" expl="precondition">
    <proof prover="0" obsolete="true"><result status="timeout" time="1.00"/></proof>
    <proof prover="1" obsolete="true"><result status="timeout" time="1.00"/></proof>
    <proof prover="2" obsolete="true"><result status="timeout" time="1.00" steps="244136"/></proof>
    </goal>
    <goal name="resolve_conflict&#39;vc.52.0.1" expl="precondition">
    <proof prover="0" obsolete="true"><result status="timeout" time="1.00"/></proof>
    <proof prover="1" obsolete="true"><result status="timeout" time="1.00"/></proof>
    <proof prover="2" obsolete="true"><result status="timeout" time="1.00" steps="242471"/></proof>
    </goal>
    <goal name="resolve_conflict&#39;vc.52.0.2" expl="precondition">
    <proof prover="1" obsolete="true"><result status="valid" time="0.10" steps="1005"/></proof>
    </goal>
   </transf>
   </goal>
  </transf>
  </goal>
  <goal name="resolve_conflict&#39;vc.53" expl="loop invariant preservation">
  <proof prover="0" obsolete="true"><result status="timeout" time="1.00"/></proof>
  <proof prover="1" obsolete="true"><result status="timeout" time="1.00"/></proof>
  <proof prover="2" obsolete="true"><result status="timeout" time="1.00" steps="260542"/></proof>
  </goal>
  <goal name="resolve_conflict&#39;vc.54" expl="loop invariant preservation" proved="true">
  <proof prover="1"><result status="valid" time="0.03" steps="153"/></proof>
  </goal>
  <goal name="resolve_conflict&#39;vc.55" expl="integer overflow" proved="true">
  <proof prover="1"><result status="valid" time="0.03" steps="262"/></proof>
  </goal>
  <goal name="resolve_conflict&#39;vc.56" expl="precondition" proved="true">
  <proof prover="1"><result status="valid" time="0.03" steps="155"/></proof>
  </goal>
  <goal name="resolve_conflict&#39;vc.57" expl="precondition" proved="true">
  <proof prover="1"><result status="valid" time="0.03" steps="156"/></proof>
  </goal>
  <goal name="resolve_conflict&#39;vc.58" expl="loop invariant preservation" proved="true">
  <proof prover="1"><result status="valid" time="0.30" steps="4696"/></proof>
  </goal>
  <goal name="resolve_conflict&#39;vc.59" expl="loop invariant preservation" proved="true">
  <proof prover="1"><result status="valid" time="0.16" steps="2595"/></proof>
  </goal>
  <goal name="resolve_conflict&#39;vc.60" expl="loop invariant preservation" proved="true">
  <proof prover="0"><result status="valid" time="0.05" steps="357702"/></proof>
  </goal>
  <goal name="resolve_conflict&#39;vc.61" expl="loop invariant preservation" proved="true">
  <transf name="split_vc" proved="true" >
   <goal name="resolve_conflict&#39;vc.61.0" expl="loop invariant preservation" proved="true">
   <proof prover="0"><result status="valid" time="0.14" steps="764020"/></proof>
   </goal>
  </transf>
  </goal>
  <goal name="resolve_conflict&#39;vc.62" expl="postcondition">
  </goal>
 </transf>
 </goal>
</theory>
<theory name="Cdsat_Trail_Impl30" proved="true">
 <goal name="Eq1.eq&#39;refn&#39;vc" expl="VC for eq&#39;refn" proved="true">
 <proof prover="1"><result status="valid" time="0.00" steps="2"/></proof>
 </goal>
</theory>
<theory name="Cdsat_Trail_Impl22" proved="true">
 <goal name="Eq1.eq&#39;refn&#39;vc" expl="VC for eq&#39;refn" proved="true">
 <proof prover="1"><result status="valid" time="0.00" steps="0"/></proof>
 </goal>
</theory>
<theory name="Cdsat_Trail_Impl26" proved="true">
 <goal name="Eq1.eq&#39;refn&#39;vc" expl="VC for eq&#39;refn" proved="true">
 <proof prover="1"><result status="valid" time="0.00" steps="2"/></proof>
 </goal>
</theory>
<theory name="Cdsat_Trail_Impl36" proved="true">
 <goal name="Clone1.clone&#39;&#39;refn&#39;vc" expl="VC for clone&#39;&#39;refn" proved="true">
 <proof prover="1"><result status="valid" time="0.00" steps="2"/></proof>
 </goal>
</theory>
<theory name="Cdsat_Trail_Impl14" proved="true">
 <goal name="Eq1.eq&#39;refn&#39;vc" expl="VC for eq&#39;refn" proved="true">
 <proof prover="1"><result status="valid" time="0.01" steps="12"/></proof>
 </goal>
</theory>
<theory name="Cdsat_Trail_Impl33" proved="true">
 <goal name="Eq1.eq&#39;refn&#39;vc" expl="VC for eq&#39;refn" proved="true">
 <proof prover="1"><result status="valid" time="0.00" steps="2"/></proof>
 </goal>
</theory>
<theory name="Cdsat_Trail_Impl38" proved="true">
 <goal name="PartialCmp1.partial_cmp&#39;refn&#39;vc" expl="VC for partial_cmp&#39;refn" proved="true">
 <transf name="split_vc" proved="true" >
 </transf>
 </goal>
</theory>
<theory name="Cdsat_Trail_Impl39">
 <goal name="Cmp1.cmp&#39;refn&#39;vc" expl="VC for cmp&#39;refn">
 <proof prover="0"><result status="timeout" time="1.00"/></proof>
 <proof prover="1"><result status="timeout" time="1.00"/></proof>
 <proof prover="2"><result status="unknown" time="0.05" steps="10655"/></proof>
 </goal>
</theory>
</file>
</why3session>
